<?xml version="1.0" encoding="UTF-8"?>
<!DOCTYPE hibernate-configuration PUBLIC "-//Hibernate/Hibernate Configuration DTD 3.0//EN"
        "http://hibernate.sourceforge.net/hibernate-configuration-3.0.dtd">
<hibernate-configuration>
    <session-factory>
        <!-- Database connection settings -->
        <property name="hibernate.connection.driver_class">com.mysql.cj.jdbc.Driver</property>
        <property name="hibernate.connection.url">jdbc:mysql://localhost:3306/hybernate</property>
        <property name="hibernate.connection.username">root</property>
        <property name="hibernate.connection.password">admin</property>

        <!-- SQL dialect -->
        <property name="hibernate.dialect">org.hibernate.dialect.MySQLDialect</property>

        <!-- Echo all executed SQL to stdout -->
        <property name="hibernate.show_sql">true</property>

        <!-- Drop and re-create the database schema on startup -->
        <property name="hibernate.hbm2ddl.auto">update</property>

        <!-- Mapped classes -->
        <mapping class="com.example.Employee"/>
    </session-factory>
</hibernate-configuration>
